id;created_by;created_date;last_modified_by;last_modified_date
1;Avon;2020-08-31T09:18:00;Unbranded drive Granite;2020-09-01T01:49:47
2;Hryvnia red;2020-08-31T22:30:20;haptic;2020-08-31T13:59:21
3;Synchronised Solutions Strategist;2020-09-01T03:36:28;Keyboard Kids transmitting;2020-08-31T08:38:05
4;Metal;2020-08-31T12:30:47;Bike withdrawal Front-line;2020-09-01T04:57:03
5;Music Cotton architect;2020-09-01T06:12:56;Bedfordshire Refined Steel Bacon;2020-09-01T04:10:56
6;implement;2020-08-31T16:28:34;Nevada Bedfordshire Checking Account;2020-08-31T16:35:37
7;schemas;2020-08-31T19:48:56;Gorgeous Granite Shirt generate;2020-09-01T02:29:27
8;Security bypassing;2020-09-01T00:27:39;Savings Account;2020-09-01T06:26:38
9;software Synergistic haptic;2020-08-31T10:38:58;Massachusetts e-commerce Money Market Account;2020-08-31T13:28:47
10;Integrated implementation;2020-09-01T00:14:32;deposit;2020-09-01T06:59:44
