id;user_id;secret_key;created_by;created_date;last_modified_by;last_modified_date
1;Dynamic clicks-and-mortar Investor;grey;deposit granular;2020-08-31T08:26:22;Infrastructure;2020-08-31T17:11:04
2;bandwidth-monitored;24/365;sexy;2020-08-31T14:32:52;cross-platform quantifying calculate;2020-08-31T22:36:48
3;Wall;executive Web;bluetooth Unbranded Plastic Bacon models;2020-09-01T00:48:38;Unbranded Granite Sausages;2020-08-31T17:37:02
4;payment Borders;sticky;payment scalable hack;2020-09-01T00:25:37;high-level SCSI Bedfordshire;2020-08-31T19:05:46
5;South Dakota Italy compelling;communities;recontextualize Home Loan Account;2020-08-31T15:04:36;Berkshire;2020-08-31T23:43:18
6;intermediate synergies;District;turquoise Gorgeous olive;2020-09-01T06:54:04;compressing;2020-08-31T22:33:21
7;composite;redefine;EXE;2020-08-31T21:26:44;HTTP;2020-08-31T18:58:57
8;Marshall Islands Steel deliver;Kentucky;open-source multi-byte;2020-08-31T11:08:05;Intelligent Metal Cheese;2020-08-31T12:18:10
9;Rubber synthesize architecture;Branding Peru Moldova;Hryvnia;2020-08-31T21:03:17;orchid Bahamas encryption;2020-08-31T08:36:02
10;payment;Guam;Principal yellow Assistant;2020-09-01T02:35:08;Chad monitor Ameliorated;2020-08-31T21:55:15
