id;template_name;file_path;created_by;created_date;last_modified_by;last_modified_date
1;Web Automotive Florida;black;Table Avon;2020-09-08T03:46:55;Manor Refined Wooden Cheese Markets;2020-09-08T07:30:16
2;Point Iran;Berkshire Bosnia and Herzegovina;GB expedite Movies;2020-09-07T23:19:52;Fantastic;2020-09-07T10:02:40
3;invoice Outdoors;Chicken scalable;customized Unbranded Assistant;2020-09-07T15:51:48;deposit Branch;2020-09-08T02:28:42
4;Savings Account Principal;Officer mission-critical solution;grey Security program;2020-09-07T23:35:28;multi-byte attitude-oriented;2020-09-08T03:33:58
5;strategic Mouse;architectures neutral;Tools;2020-09-07T07:48:50;Avon Garden;2020-09-07T10:57:32
6;Checking Account Branding XSS;quantify Music;Bacon ivory;2020-09-07T13:59:30;Manor Extensions;2020-09-08T06:31:40
7;connecting Movies AI;XML Berkshire;Borders application Pants;2020-09-07T10:57:02;Berkshire;2020-09-07T10:58:23
8;Configuration Cheese;Strategist;monitoring;2020-09-08T04:21:14;Persistent drive RSS;2020-09-07T09:15:38
9;synthesize;Networked New Jersey Money Market Account;Inlet Plastic Tools;2020-09-07T18:27:52;Lari;2020-09-08T03:03:59
10;tan bypass Unbranded;supply-chains;Delaware Fresh responsive;2020-09-08T00:15:33;PCI Money Market Account Bedfordshire;2020-09-07T14:32:10
