id;template_name;created_by;created_date;last_modified_by;last_modified_date
1;connecting schemas hard drive;navigate Colorado;2020-09-07T08:17:30;program brand;2020-09-07T12:18:08
2;Delaware;Investor HDD;2020-09-07T13:55:40;Granite;2020-09-07T23:01:24
3;orchid Trail Vista;Nicaragua;2020-09-07T08:36:50;Auto Loan Account;2020-09-07T16:49:25
4;cross-platform bypassing connect;Manager mission-critical;2020-09-08T03:29:48;Practical Concrete Soap;2020-09-08T05:03:05
5;Markets program orchid;primary;2020-09-07T10:28:02;deposit;2020-09-08T07:27:02
6;RSS frictionless;rich Bedfordshire;2020-09-07T18:56:33;payment;2020-09-07T13:42:10
7;Borders Codes specifically reserved for testing purposes;Avon Iowa;2020-09-07T22:00:21;Assistant mission-critical;2020-09-07T23:41:14
8;Metal Automotive Senior;Automotive Frozen;2020-09-07T16:47:00;Cambridgeshire Salad Corporate;2020-09-07T11:11:27
9;Spring Fantastic Metal Bacon;robust parsing;2020-09-08T00:35:26;synergies;2020-09-07T23:34:39
10;Jordanian Dinar Technician;COM;2020-09-08T00:34:43;Soft SSL hacking;2020-09-07T09:11:49
