id;unit_type;created_by;created_date;last_modified_by;last_modified_date
1;Crossing coherent;driver;2020-09-08T01:41:08;AGP Money Market Account;2020-09-07T23:58:59
2;Tasty Buckinghamshire quantifying;Functionality Virgin Islands, British Sleek Plastic Chips;2020-09-07T19:55:25;Nuevo Sol compressing Books;2020-09-07T17:21:06
3;synergy Kina Home;JBOD;2020-09-07T10:57:27;synergies copying;2020-09-07T16:58:24
4;JSON Keyboard;Avon ROI;2020-09-07T10:19:41;relationships;2020-09-07T08:11:42
5;channels Beauty withdrawal;exploit;2020-09-07T08:13:49;motivating;2020-09-07T08:45:38
6;Legacy Programmable;Buckinghamshire;2020-09-07T21:07:33;EXE indexing Louisiana;2020-09-08T07:32:18
7;Enterprise-wide paradigms open-source;Operations installation;2020-09-07T13:20:15;Organized Rubber;2020-09-08T01:59:42
8;Shoes fuchsia Licensed Metal Chicken;Gorgeous Frozen Computer Track;2020-09-07T22:06:51;Awesome Texas Marketing;2020-09-07T13:20:04
9;Rand Concrete transition;protocol;2020-09-07T14:07:07;Cambridgeshire indexing Lead;2020-09-07T16:55:08
10;JBOD Accounts;IB transmitter index;2020-09-07T11:02:31;Refined Granite Salad;2020-09-07T17:50:04
